OBJECTID,GEO_ID_TRT,TRACT_LBL,E19101137,M19101137,E19101138,M19101138,E19101139,M19101139,E19101140,M19101140,E19101141,M19101141,E19101142,M19101142,E19101143,M19101143,E19101144,M19101144,E19101145,M19101145,E19101146,M19101146,E19101147,M19101147,E19101148,M19101148,E19101149,M19101149,E19101150,M19101150,E19101151,M19101151,E19101152,M19101152,E19101153,M19101153
1,53033000100,Tract 000100,1733,215,101,65,45,39,20,32,52,66,81,64,15,24,174,119,71,67,82,57,117,66,51,46,287,134,152,101,98,66,131,70,256,82
2,53033000200,Tract 000200,2084,178,109,80,51,44,50,61,35,55,18,31,50,64,16,26,49,48,107,77,209,128,277,114,279,118,222,106,176,71,239,112,197,89
3,53033000300,Tract 000300,663,92,10,15,27,41,8,13,7,12,17,27,8,13,12,19,15,17,7,12,51,35,25,35,72,39,121,67,102,47,82,42,99,50
4,53033000401,Tract 000401,1262,190,34,39,17,28,0,17,94,78,18,30,113,77,42,49,56,60,77,79,84,68,37,48,258,143,120,67,75,67,106,58,131,83
5,53033000402,Tract 000402,980,162,0,17,8,16,0,17,65,83,0,17,31,49,0,17,27,32,25,29,48,40,110,62,154,87,108,74,56,48,145,100,203,102
6,53033000500,Tract 000500,961,79,0,12,0,12,0,12,8,12,11,17,12,17,18,21,8,12,11,16,17,20,47,32,100,61,109,45,101,50,164,61,355,82
7,53033000600,Tract 000600,1718,189,70,54,12,21,58,58,96,93,49,55,21,23,0,17,144,94,50,48,187,90,209,118,229,93,120,75,174,96,175,92,124,74
8,53033000700,Tract 000700,1238,178,45,42,14,22,38,44,30,35,28,33,20,26,32,40,80,69,14,22,121,96,120,78,200,99,234,132,19,30,90,56,153,68
9,53033000800,Tract 000800,773,75,11,19,0,12,29,46,10,17,0,12,0,12,10,16,11,17,19,23,11,19,59,35,112,52,90,46,90,48,108,51,213,69
10,53033000900,Tract 000900,589,58,3,5,0,12,5,7,0,12,0,12,4,7,7,10,14,17,7,11,1,5,33,27,48,22,73,38,48,29,105,36,241,55
11,53033001000,Tract 001000,490,47,22,22,5,7,11,12,14,21,39,34,42,32,0,12,0,12,5,8,53,31,22,18,43,24,51,24,61,26,52,23,70,27
12,53033001100,Tract 001100,665,77,0,12,21,23,20,23,0,12,0,12,6,11,0,12,31,31,25,40,18,22,69,43,108,42,133,63,46,34,130,52,58,39
13,53033001200,Tract 001200,1360,199,189,146,31,35,23,32,85,85,15,23,36,42,22,34,9,15,93,97,132,71,141,96,159,87,174,80,113,65,79,64,59,45
14,53033001300,Tract 001300,950,140,0,12,0,12,15,24,80,67,0,12,40,39,11,19,8,15,14,24,63,69,98,85,167,89,83,59,73,59,97,66,201,114
15,53033001400,Tract 001400,1320,164,86,86,0,17,0,17,0,17,18,27,18,30,38,43,19,31,0,17,97,68,168,103,146,76,160,82,200,87,98,72,272,105
16,53033001500,Tract 001500,711,64,17,19,0,12,8,13,0,12,9,14,10,16,0,12,0,12,27,27,40,30,55,38,85,44,29,29,98,57,102,47,231,74
17,53033001600,Tract 001600,1268,108,48,57,43,46,0,12,21,33,17,19,8,12,22,21,3,10,0,12,35,24,41,29,121,49,104,43,79,45,234,74,492,99
18,53033001701,Tract 001701,862,131,87,84,21,32,31,36,45,59,23,32,23,38,21,32,12,19,16,26,19,24,109,71,137,72,57,53,154,83,70,47,37,28
19,53033001702,Tract 001702,1083,134,23,38,0,17,0,17,20,31,0,17,8,14,0,17,62,47,35,42,84,74,95,68,141,92,181,124,77,58,199,85,158,91
20,53033001800,Tract 001800,1089,143,0,17,35,41,0,17,0,17,21,31,90,89,37,45,19,30,57,51,30,35,123,79,137,80,150,122,132,91,168,84,90,61
21,53033001900,Tract 001900,1062,126,9,15,0,12,9,14,31,45,17,19,8,12,8,13,21,16,16,18,104,66,89,41,101,54,108,47,118,45,220,79,203,63
22,53033002000,Tract 002000,880,90,0,12,0,12,0,12,0,12,29,45,12,17,11,18,16,19,7,11,42,30,59,40,92,44,105,56,84,39,200,61,223,71
23,53033002100,Tract 002100,985,91,15,18,16,19,11,17,21,20,9,16,0,12,0,12,0,12,0,12,18,20,61,41,93,43,126,51,76,45,271,85,268,89
24,53033002200,Tract 002200,1680,143,36,53,16,26,32,38,18,26,12,20,15,23,0,17,45,39,15,25,73,53,36,36,103,56,160,72,95,64,212,88,812,157
25,53033002400,Tract 002400,894,70,30,27,0,12,8,13,0,12,27,26,16,19,19,21,24,23,25,19,16,18,82,41,79,44,92,49,103,45,100,42,273,63
26,53033002500,Tract 002500,749,87,8,12,9,13,0,12,0,12,8,12,23,30,9,13,0,12,27,24,0,12,19,24,68,37,106,46,100,45,156,68,216,55
27,53033002600,Tract 002600,1295,96,63,55,38,46,0,17,27,24,0,17,0,17,10,15,10,15,0,17,51,50,61,38,70,45,212,66,212,70,244,74,297,73
28,53033002700,Tract 002700,1284,153,0,17,28,44,0,17,48,55,0,17,16,26,0,17,11,17,23,27,41,36,91,64,138,66,122,84,81,57,185,90,500,138
29,53033002800,Tract 002800,1064,128,0,12,0,12,33,38,0,12,16,26,8,13,0,12,38,45,0,12,14,23,11,18,70,50,177,91,168,106,164,86,365,102
30,53033002900,Tract 002900,1278,106,7,11,59,76,0,12,0,12,23,18,18,20,26,41,12,20,16,18,48,32,115,62,81,50,98,44,188,83,183,63,404,96
31,53033003000,Tract 003000,1586,140,11,17,16,27,0,17,0,17,28,36,48,45,43,47,44,33,0,17,118,81,117,75,165,94,182,99,203,97,232,123,379,129
32,53033003100,Tract 003100,1853,131,30,25,30,36,20,32,0,17,0,17,29,33,15,24,0,17,14,23,30,36,143,79,241,93,129,75,258,133,324,111,590,134
33,53033003200,Tract 003200,1990,224,70,67,15,23,0,17,0,17,13,22,0,17,21,35,72,55,113,95,61,62,168,74,243,114,257,124,118,79,330,121,509,163
34,53033003300,Tract 003300,1723,233,19,28,19,31,0,17,0,17,32,35,0,17,58,88,13,19,32,37,34,37,116,79,113,62,217,100,254,153,268,104,548,128
35,53033003400,Tract 003400,994,93,13,20,0,12,19,21,0,12,10,15,19,22,0,12,18,22,8,12,65,43,104,67,67,57,143,52,124,48,151,55,253,71
36,53033003500,Tract 003500,944,76,20,22,14,16,0,12,14,15,7,10,24,22,24,21,0,12,22,24,22,21,55,28,45,34,202,75,62,40,149,56,284,59
37,53033003600,Tract 003600,1231,203,53,83,15,24,35,39,0,17,0,17,18,28,0,17,0,17,33,38,41,49,47,46,245,137,160,83,92,68,228,96,264,102
38,53033003800,Tract 003800,570,45,0,12,0,12,0,12,0,12,0,12,6,9,0,12,0,12,0,12,37,27,23,16,83,33,29,17,62,31,124,37,206,54
39,53033003900,Tract 003900,833,75,10,16,32,47,0,12,10,15,10,15,0,12,8,12,0,12,30,26,18,19,77,43,130,55,29,28,60,32,118,43,301,62
40,53033004000,Tract 004000,762,97,39,49,7,12,10,17,30,43,0,12,56,40,0,12,0,12,0,12,5,10,32,24,77,40,38,27,50,34,181,79,237,65
41,53033004100,Tract 004100,2252,161,17,26,0,17,30,36,36,41,27,41,16,25,16,26,29,31,0,17,88,55,86,67,105,61,56,52,176,86,373,109,1197,148
42,53033004200,Tract 004200,2173,176,0,17,25,38,0,17,0,17,32,37,30,44,19,30,16,26,31,50,45,36,84,55,301,115,115,70,213,93,261,93,1001,166
43,53033004301,Tract 004301,756,72,36,20,0,12,24,25,32,31,28,27,13,20,8,13,9,15,6,11,13,18,56,40,40,31,103,44,30,25,79,44,279,73
44,53033004302,Tract 004302,244,61,6,9,11,17,0,12,10,16,0,12,22,25,46,37,36,41,0,12,16,19,18,23,22,23,21,23,8,13,5,10,23,31
45,53033004400,Tract 004400,790,169,23,36,0,17,0,17,12,19,45,49,32,35,0,17,0,17,13,21,20,30,27,32,96,92,77,78,102,80,145,68,198,100
46,53033004500,Tract 004500,512,83,11,19,13,20,0,12,10,18,0,12,8,13,0,12,0,12,18,21,33,28,48,35,76,53,40,32,43,36,54,38,158,41
47,53033004600,Tract 004600,892,77,18,20,0,12,10,16,0,12,12,15,8,12,14,16,8,12,22,18,24,18,26,22,123,60,71,40,66,41,140,57,350,65
48,53033004700,Tract 004700,1460,275,0,17,0,17,0,17,0,17,24,36,0,17,0,17,21,32,0,17,0,17,244,154,187,106,257,161,208,141,25,41,494,194
49,53033004800,Tract 004800,1155,155,0,17,0,17,16,27,0,17,26,27,0,17,0,17,62,77,26,31,19,30,38,37,125,63,213,107,116,53,151,66,363,118
50,53033004900,Tract 004900,930,186,15,24,0,17,0,17,0,17,0,17,0,17,12,21,0,17,20,31,33,38,48,46,183,89,98,73,99,66,90,52,332,116
51,53033005000,Tract 005000,779,151,0,12,0,12,20,31,0,12,0,12,20,31,30,34,20,29,0,12,31,39,71,53,122,89,62,44,79,64,97,57,227,90
52,53033005100,Tract 005100,904,89,49,39,7,10,8,12,11,15,0,12,0,12,18,19,0,12,0,12,39,31,80,40,59,38,81,42,123,63,130,50,299,67
53,53033005200,Tract 005200,704,163,20,31,15,23,0,17,12,20,0,17,23,36,0,17,18,28,12,19,107,80,93,85,53,51,32,36,37,35,102,63,180,81
54,53033005301,Tract 005301,235,106,44,42,25,29,13,22,0,17,0,17,19,31,0,17,12,18,18,31,43,70,14,18,30,36,0,17,0,17,17,27,0,17
55,53033005302,Tract 005302,4,6,0,17,0,17,4,6,0,17,0,17,0,17,0,17,0,17,0,17,0,17,0,17,0,17,0,17,0,17,0,17,0,17
56,53033005400,Tract 005400,947,164,14,20,0,17,0,17,0,17,33,44,0,17,18,26,27,40,14,24,10,17,80,74,45,42,147,86,109,68,158,81,292,106
57,53033005600,Tract 005600,2109,164,19,30,0,17,0,17,17,27,0,17,0,17,37,41,16,25,24,27,60,47,126,86,105,67,156,86,238,102,454,137,857,151
58,53033005700,Tract 005700,1904,149,14,22,0,17,36,37,21,25,0,17,0,17,18,28,53,47,28,35,116,71,63,43,197,112,226,103,160,77,325,106,647,159
59,53033005801,Tract 005801,1032,141,0,17,10,17,28,24,32,37,0,17,16,25,0,17,11,18,20,32,13,19,62,51,209,94,227,102,101,69,144,73,159,70
60,53033005802,Tract 005802,1063,153,17,26,16,25,16,25,0,17,52,62,0,17,56,43,62,63,47,39,65,71,42,49,90,65,101,67,53,49,209,92,237,108
61,53033005900,Tract 005900,1493,186,0,17,49,77,0,17,16,26,0,17,28,33,23,35,0,17,17,28,46,43,73,58,108,61,172,104,60,48,165,85,736,144
62,53033006000,Tract 006000,1234,168,0,17,31,45,0,17,0,17,0,17,0,17,0,17,34,38,0,17,59,53,30,33,206,104,68,49,101,88,187,89,518,143
63,53033006100,Tract 006100,1107,181,16,25,22,34,13,20,0,17,0,17,15,24,0,17,54,86,16,25,79,64,13,21,87,65,66,55,162,78,193,112,371,131
64,53033006200,Tract 006200,1235,83,8,12,0,12,16,19,6,10,0,12,0,12,8,14,0,12,0,12,14,21,88,52,67,38,80,39,156,55,130,62,662,94
65,53033006300,Tract 006300,1453,177,0,17,0,17,19,30,0,17,15,25,17,27,28,34,0,17,0,17,40,42,20,30,148,71,143,72,63,54,92,62,868,176
66,53033006400,Tract 006400,911,86,0,12,10,14,0,12,0,12,9,16,11,16,11,17,1,7,17,15,33,24,71,53,58,36,33,29,131,56,61,38,465,85
67,53033006500,Tract 006500,1080,168,0,12,0,12,0,12,0,12,13,22,14,23,0,12,32,35,0,12,30,33,60,67,142,100,67,54,98,68,152,72,472,109
68,53033006600,Tract 006600,665,143,14,24,0,12,0,12,0,12,32,43,0,12,16,26,45,52,0,12,24,40,55,57,25,29,91,61,70,53,93,66,200,86
69,53033006700,Tract 006700,1994,306,11,25,32,51,0,17,0,17,0,17,52,60,0,17,44,73,40,67,108,94,122,122,124,126,390,206,161,129,575,297,335,183
70,53033006800,Tract 006800,799,69,7,12,11,17,0,12,0,12,0,12,6,11,30,29,0,12,0,12,38,31,83,37,59,39,84,43,93,45,65,40,323,74
71,53033006900,Tract 006900,1380,153,40,43,14,22,0,17,36,41,19,29,0,17,12,18,71,81,11,17,19,29,30,33,115,68,134,72,116,66,169,95,594,121
72,53033007000,Tract 007000,1106,258,0,17,0,17,0,17,0,17,0,17,18,29,0,17,26,42,0,17,26,38,21,36,183,117,150,108,124,92,105,89,453,131
73,53033007100,Tract 007100,930,185,0,17,0,17,0,17,16,26,0,17,18,28,0,17,0,17,0,17,16,29,60,55,316,145,66,57,47,48,70,62,321,143
74,53033007200,Tract 007200,1689,363,0,19,24,38,0,19,39,63,0,19,0,19,30,49,0,19,0,19,0,19,87,83,46,59,69,76,205,151,453,233,736,277
75,53033007300,Tract 007300,1063,179,0,17,0,17,29,34,12,21,0,17,0,17,31,36,12,19,0,17,36,28,24,28,28,33,227,126,91,63,206,110,367,113
76,53033007401,Tract 007401,623,160,15,24,0,17,0,17,0,17,21,33,36,43,14,23,23,26,0,17,36,34,0,17,135,77,37,25,76,54,136,89,94,101
77,53033007402,Tract 007402,521,155,0,17,30,45,43,46,19,31,0,17,0,17,23,34,0,17,0,17,0,17,68,54,22,34,118,99,17,28,67,54,114,48
78,53033007500,Tract 007500,1236,346,0,17,103,158,0,17,0,17,0,17,0,17,122,116,0,17,0,17,81,94,96,93,151,114,108,85,58,69,313,95,204,163
79,53033007600,Tract 007600,700,145,0,12,37,56,53,71,17,29,11,18,0,12,29,35,0,12,37,57,16,26,50,44,71,79,65,49,72,61,58,41,184,82
80,53033007700,Tract 007700,1275,186,15,23,0,17,0,17,0,17,27,39,35,30,23,29,19,30,0,17,20,29,155,80,203,94,89,68,95,58,277,96,317,129
81,53033007800,Tract 007800,1572,123,0,17,20,33,0,17,0,17,32,54,68,65,38,43,0,17,40,37,40,39,101,76,26,29,63,41,187,109,166,77,791,148
82,53033007900,Tract 007900,937,172,88,77,13,22,19,31,0,17,17,27,14,33,14,23,38,42,10,18,100,81,16,26,110,63,122,79,39,43,118,93,219,104
83,53033008001,Tract 008001,1429,313,0,17,0,17,0,17,0,17,0,17,42,55,0,17,0,17,24,39,0,17,124,105,89,77,65,53,203,125,142,96,740,296
84,53033008002,Tract 008002,449,127,36,58,15,24,0,12,0,12,11,17,38,60,0,12,11,17,11,18,0,12,21,25,71,50,19,31,74,52,41,41,101,68
85,53033008100,Tract 008100,760,167,19,30,11,17,29,41,0,12,15,22,0,12,0,12,0,12,0,12,0,12,13,20,120,68,88,75,127,65,94,56,244,85
86,53033008200,Tract 008200,715,172,19,31,0,12,0,12,20,27,0,12,26,30,0,12,14,23,0,12,0,12,37,45,114,77,49,50,148,85,50,57,238,106
87,53033008300,Tract 008300,357,82,13,23,10,18,9,15,0,12,0,12,0,12,0,12,9,13,0,12,7,11,7,11,48,40,48,35,53,34,49,38,104,55
88,53033008400,Tract 008400,686,171,0,12,0,12,12,20,0,12,16,29,126,124,36,50,0,12,30,49,17,28,61,61,118,98,25,31,48,44,98,63,99,70
89,53033008500,Tract 008500,394,90,43,50,16,17,11,25,0,12,0,12,0,12,23,38,0,12,9,14,18,20,18,18,29,27,78,57,37,31,42,27,70,32
90,53033008600,Tract 008600,428,165,0,17,86,52,0,17,0,17,46,44,0,17,26,52,34,42,0,17,0,17,50,80,40,45,17,26,14,22,0,17,115,73
91,53033008700,Tract 008700,710,102,41,47,64,64,11,18,0,12,23,23,50,54,0,12,0,12,8,14,30,34,41,38,59,39,63,34,112,51,86,45,122,55
92,53033008800,Tract 008800,963,121,0,12,44,58,11,17,17,26,0,12,0,12,11,19,21,30,26,41,9,15,40,40,169,65,109,62,76,55,177,72,253,70
93,53033008900,Tract 008900,1228,155,0,17,61,73,0,17,63,89,0,17,104,71,0,17,50,56,0,17,47,43,104,66,137,93,92,64,120,80,147,82,303,102
94,53033009000,Tract 009000,608,112,0,12,37,32,12,18,68,62,24,37,36,37,50,56,0,12,40,45,12,15,68,49,41,31,76,54,18,19,80,38,46,39
95,53033009100,Tract 009100,461,102,8,13,18,20,0,12,86,77,71,38,15,29,39,47,47,51,23,28,40,51,19,23,11,17,18,23,28,33,29,34,9,15
96,53033009200,Tract 009200,285,72,10,14,40,33,52,36,24,27,0,12,0,12,6,10,0,12,9,15,25,36,31,29,23,23,15,17,4,6,0,12,46,35
97,53033009300,Tract 009300,449,63,0,12,6,10,19,22,0,12,0,12,3,5,0,12,8,13,21,19,40,25,28,20,32,23,78,34,31,26,42,27,141,41
98,53033009400,Tract 009400,1577,189,156,114,153,102,16,26,21,32,81,63,62,57,0,17,20,32,60,60,45,41,186,103,250,117,148,78,77,66,121,77,181,88
99,53033009500,Tract 009500,1495,193,54,84,0,17,14,22,70,62,60,52,34,44,35,41,49,74,20,31,30,33,98,72,83,57,118,78,60,50,199,105,571,137
100,53033009600,Tract 009600,1468,179,0,17,10,18,25,34,0,17,28,43,0,17,0,17,42,43,15,25,28,31,89,58,155,112,110,70,101,70,317,115,548,155
101,53033009701,Tract 009701,1643,156,0,17,16,26,0,17,36,40,16,26,19,28,14,24,34,38,75,66,50,46,112,85,71,54,210,125,119,70,422,140,449,101
102,53033009702,Tract 009702,1480,138,42,64,0,17,0,17,0,17,0,17,35,33,17,25,29,33,26,29,0,17,37,38,78,60,263,112,185,94,321,105,447,118
103,53033009800,Tract 009800,1940,188,28,33,17,26,41,45,16,26,0,17,0,17,20,30,47,47,79,102,65,54,96,65,176,99,267,104,134,77,464,151,490,163
104,53033009900,Tract 009900,1474,218,37,43,0,17,47,71,79,85,0,17,0,17,51,60,41,32,8,15,125,89,92,65,179,107,276,135,119,71,275,146,145,75
105,53033010001,Tract 010001,1039,137,0,12,45,39,30,43,33,31,22,20,52,59,62,69,58,55,82,84,22,25,158,89,128,67,78,48,96,45,66,42,107,60
106,53033010002,Tract 010002,1108,127,8,13,10,13,27,24,37,29,18,20,67,64,59,60,78,72,55,53,43,33,127,63,168,74,80,44,116,72,104,68,111,54
107,53033010100,Tract 010100,2078,214,109,75,19,30,79,56,44,46,74,70,0,17,122,106,51,74,31,39,82,94,183,103,269,128,109,65,187,86,328,148,391,139
108,53033010200,Tract 010200,1171,110,11,17,10,16,0,12,20,22,11,15,27,28,9,15,15,17,25,21,50,35,77,56,140,53,91,43,100,53,228,75,357,105
109,53033010300,Tract 010300,1439,208,135,109,0,17,139,133,0,17,59,57,13,20,29,31,18,25,21,32,112,90,89,67,133,62,190,106,288,112,54,43,159,73
110,53033010401,Tract 010401,1059,95,29,33,24,26,30,43,29,27,36,26,59,43,2,12,16,20,47,38,179,79,57,41,110,55,118,61,96,49,132,56,95,52
111,53033010402,Tract 010402,1267,136,12,18,37,58,37,54,24,27,47,36,40,36,26,28,24,28,48,44,42,33,145,71,318,98,176,67,97,49,116,59,78,47
112,53033010500,Tract 010500,1785,236,0,17,0,17,44,53,0,17,116,97,13,21,40,53,39,47,0,17,137,102,165,104,253,112,142,88,89,57,373,152,374,127
113,53033010600,Tract 010600,2246,219,35,37,16,26,14,23,0,17,73,62,18,29,0,17,82,60,37,41,65,54,176,76,184,86,393,116,285,107,283,103,585,136
114,53033010701,Tract 010701,851,120,74,64,0,12,45,50,12,19,45,37,35,47,0,12,59,62,26,25,23,23,139,83,64,39,99,48,65,39,40,31,125,51
115,53033010702,Tract 010702,1114,96,107,84,94,64,113,91,128,81,0,12,84,68,10,17,57,65,30,31,6,10,35,47,41,38,164,74,36,24,137,62,72,42
116,53033010800,Tract 010800,1255,108,37,38,48,42,64,47,7,11,17,20,36,31,9,13,40,31,37,28,57,40,134,76,185,71,154,69,128,73,154,71,148,61
117,53033010900,Tract 010900,166,43,0,12,0,12,0,12,0,12,0,12,5,8,9,11,7,12,4,8,10,13,20,18,26,19,37,30,28,20,13,16,7,10
118,53033011001,Tract 011001,990,107,93,60,100,90,48,45,63,39,79,45,86,70,0,12,18,19,48,52,70,54,90,58,72,43,66,47,55,39,53,41,49,34
119,53033011002,Tract 011002,1046,93,8,13,40,30,24,27,162,101,49,44,82,65,61,44,45,35,41,33,73,47,18,18,166,88,81,51,111,53,58,24,27,23
120,53033011101,Tract 011101,1110,125,31,50,0,17,74,55,6,11,10,16,12,19,89,54,104,67,63,58,152,94,80,52,177,81,97,48,100,49,42,34,73,41
121,53033011102,Tract 011102,1114,135,0,12,52,58,37,41,7,13,20,22,47,60,26,41,33,31,19,23,28,24,90,72,248,89,76,51,100,54,103,58,228,81
122,53033011200,Tract 011200,807,114,28,40,20,30,34,39,28,44,143,74,57,55,43,42,48,55,6,12,100,58,87,54,85,38,47,32,23,21,44,28,14,17
123,53033011300,Tract 011300,1520,187,52,62,40,56,0,17,116,96,43,43,27,31,59,70,20,28,15,23,171,139,273,122,214,105,190,90,75,65,107,63,118,85
124,53033011401,Tract 011401,997,116,66,46,10,15,18,21,10,15,75,79,24,21,47,49,36,36,58,58,53,49,148,59,132,55,119,67,103,53,46,30,52,37
125,53033011402,Tract 011402,997,115,84,74,0,12,59,57,50,53,26,40,26,32,23,22,82,68,41,41,111,70,77,45,136,61,105,64,116,60,20,17,41,28
126,53033011500,Tract 011500,1192,110,0,12,13,20,0,12,20,21,19,21,28,26,19,21,0,12,7,11,61,35,40,28,189,76,132,47,198,79,244,91,222,75
127,53033011600,Tract 011600,1861,170,76,49,12,19,13,23,17,27,6,12,36,40,0,17,39,41,31,36,63,48,69,51,189,80,214,104,181,90,363,136,552,109
128,53033011700,Tract 011700,1194,133,12,18,84,66,12,22,35,26,16,23,11,17,26,30,33,38,54,40,59,38,108,78,253,123,110,50,142,69,183,65,56,50
129,53033011800,Tract 011800,1905,229,158,106,73,72,53,67,32,36,68,79,107,92,63,71,105,72,110,103,118,73,164,105,255,122,277,126,113,75,146,99,63,66
130,53033011900,Tract 011900,1716,201,0,17,65,103,38,45,39,47,0,17,95,93,30,49,0,17,98,85,99,48,104,78,160,79,396,163,73,66,342,168,177,84
131,53033012000,Tract 012000,856,84,0,12,0,12,0,12,0,12,7,11,7,11,0,12,12,15,0,12,44,30,23,19,129,60,121,51,131,62,212,74,170,65
132,53033012100,Tract 012100,813,76,0,12,0,12,0,12,0,12,8,12,22,23,0,12,28,27,9,13,54,57,44,28,86,42,123,49,71,40,124,61,244,65
133,53033020100,Tract 020100,799,94,0,12,0,12,0,12,0,12,12,18,26,25,11,17,12,20,10,16,23,23,61,39,110,51,100,45,66,37,152,55,216,53
134,53033020200,Tract 020200,1482,125,24,28,0,17,11,17,28,34,28,33,76,71,24,29,19,30,17,28,90,63,157,81,246,90,131,73,67,43,255,98,309,116
135,53033020300,Tract 020300,1604,226,48,46,18,29,22,28,65,100,50,49,12,21,71,58,39,48,41,38,28,32,177,119,300,125,211,77,237,114,243,96,42,33
136,53033020401,Tract 020401,929,101,11,17,23,25,0,12,15,18,0,12,33,39,62,66,31,30,47,38,67,43,92,49,141,63,128,48,67,39,145,61,67,45
137,53033020402,Tract 020402,1447,151,45,41,0,17,28,32,54,81,15,24,19,30,15,23,9,16,53,69,46,42,124,106,262,107,217,96,215,97,223,88,122,64
138,53033020500,Tract 020500,1759,168,15,24,0,17,75,91,17,27,31,34,72,56,46,68,53,50,63,75,95,75,147,87,267,134,447,159,119,85,223,99,89,60
139,53033020600,Tract 020600,922,88,10,16,0,12,13,15,0,12,8,12,57,48,18,20,7,12,12,17,64,45,52,38,128,64,197,66,189,65,99,46,68,36
140,53033020700,Tract 020700,983,109,12,20,4,7,77,70,27,30,22,23,58,47,55,45,36,33,17,22,52,36,122,69,96,67,116,55,131,61,110,49,48,33
141,53033020800,Tract 020800,1159,96,17,20,7,12,0,12,50,39,20,32,7,12,14,16,26,22,16,17,35,26,65,35,123,70,169,58,121,56,269,72,220,62
142,53033020900,Tract 020900,830,97,10,15,22,23,19,22,4,8,5,11,18,20,48,51,24,26,27,42,60,38,30,27,119,54,86,43,91,45,119,51,148,65
143,53033021000,Tract 021000,1514,143,30,36,0,17,0,17,0,17,0,17,9,19,51,70,12,20,91,79,88,60,187,115,233,107,300,128,130,75,244,97,139,83
144,53033021100,Tract 021100,1029,80,44,43,9,14,10,16,51,36,23,25,36,35,11,18,9,15,27,29,18,23,103,53,258,71,159,65,69,52,136,58,66,40
145,53033021300,Tract 021300,866,95,43,34,7,11,0,12,0,12,21,25,0,12,0,12,20,22,13,21,114,71,51,33,171,65,119,67,51,35,132,65,124,54
146,53033021400,Tract 021400,1151,88,0,12,0,12,0,12,26,38,0,12,18,19,8,12,29,25,9,13,39,29,106,45,222,62,92,45,142,65,164,57,296,75
147,53033021500,Tract 021500,1364,102,9,15,0,12,16,17,0,12,0,12,24,25,32,24,34,41,24,23,30,23,118,48,155,60,142,56,166,59,253,79,361,93
148,53033021600,Tract 021600,1362,113,10,15,18,19,23,36,12,18,31,40,43,31,29,27,17,19,40,31,58,40,53,34,113,46,155,49,243,87,213,63,304,90
149,53033021700,Tract 021700,1978,170,33,35,15,23,37,56,0,17,68,61,38,37,124,76,30,35,25,31,95,76,101,80,333,125,203,86,171,83,368,121,337,114
150,53033021802,Tract 021802,1612,156,21,33,34,38,0,17,0,17,19,32,36,41,11,19,23,38,11,19,56,49,141,80,230,105,254,98,229,119,385,148,162,85
151,53033021803,Tract 021803,1362,132,73,56,0,12,48,55,14,21,0,12,9,15,10,15,45,34,39,27,109,51,115,60,204,76,140,53,98,49,217,70,241,77
152,53033021804,Tract 021804,1251,117,10,15,6,12,0,17,43,37,9,14,70,69,19,32,28,31,39,48,110,75,53,39,97,55,218,79,235,92,169,84,145,71
153,53033021903,Tract 021903,1513,180,20,31,20,32,19,30,16,25,19,32,42,48,56,50,20,30,40,32,80,100,53,46,247,122,235,120,154,81,302,141,190,90
154,53033021904,Tract 021904,1297,105,32,25,33,25,57,53,18,24,68,35,0,17,26,23,0,17,31,26,50,41,18,20,224,73,207,65,157,62,155,65,221,61
155,53033021905,Tract 021905,1490,147,15,24,0,17,0,17,34,47,44,48,106,90,63,54,36,36,49,47,79,48,123,70,166,91,218,86,101,71,239,112,217,93
156,53033021906,Tract 021906,1241,110,40,45,18,21,10,14,0,12,24,36,68,66,91,80,0,12,19,28,47,48,83,52,144,78,167,59,66,35,177,61,287,82
157,53033022001,Tract 022001,1396,161,22,34,0,17,0,17,0,17,0,17,59,74,0,17,16,25,73,72,48,46,191,94,184,87,143,97,185,88,191,99,284,102
158,53033022003,Tract 022003,1295,117,21,29,0,17,0,17,0,17,27,24,16,14,5,8,0,17,56,43,60,45,97,54,209,70,271,94,227,69,216,73,90,51
159,53033022005,Tract 022005,1168,134,0,12,40,43,0,12,8,15,37,42,0,12,21,32,38,41,28,32,92,92,85,53,143,82,174,94,139,63,168,82,195,72
160,53033022006,Tract 022006,904,117,26,27,28,44,7,10,0,12,12,19,9,15,52,43,0,12,23,25,15,20,70,56,76,67,101,51,157,60,124,61,204,75
161,53033022101,Tract 022101,1405,98,65,43,22,24,5,9,32,41,17,19,8,13,9,16,37,34,2,7,75,45,83,47,189,71,138,53,164,64,279,80,280,75
162,53033022102,Tract 022102,1799,124,18,27,0,17,0,17,0,17,19,31,0,17,20,31,14,21,0,17,79,49,193,82,170,90,205,87,250,100,316,118,515,132
163,53033022201,Tract 022201,1227,92,31,25,0,12,26,30,18,19,14,19,8,13,53,51,31,25,37,31,49,37,79,47,148,48,168,56,196,67,152,57,217,68
164,53033022202,Tract 022202,1996,208,69,51,52,83,18,29,0,17,38,43,0,17,19,30,59,47,60,85,62,53,117,85,201,109,278,103,334,131,419,182,270,110
165,53033022203,Tract 022203,1461,89,7,12,17,19,0,12,88,59,0,12,55,57,10,15,0,12,17,21,29,26,65,37,96,57,194,71,113,52,199,70,571,100
166,53033022300,Tract 022300,884,73,10,15,0,12,0,12,8,13,0,12,8,13,0,12,6,11,18,20,18,21,50,37,105,41,56,35,59,37,145,71,401,79
167,53033022400,Tract 022400,2295,209,13,22,0,17,31,33,0,17,0,17,13,20,0,17,11,18,62,50,139,85,121,71,238,95,242,125,228,111,195,81,1002,165
168,53033022500,Tract 022500,2240,227,15,23,15,24,35,39,0,17,17,27,0,17,0,17,0,17,13,22,60,43,138,108,204,114,218,88,354,135,363,117,808,148
169,53033022603,Tract 022603,1575,175,29,33,0,17,0,17,22,35,137,123,0,17,16,25,18,28,13,20,61,54,69,55,200,127,232,97,222,102,288,116,268,101
170,53033022604,Tract 022604,1282,104,10,15,0,17,0,17,10,16,0,17,28,25,27,24,25,40,29,26,75,45,48,36,121,49,151,59,129,46,201,76,428,95
171,53033022605,Tract 022605,1517,187,19,30,45,44,0,17,0,17,42,54,49,38,16,26,17,26,18,34,87,81,111,80,331,140,206,115,152,86,122,73,302,96
172,53033022606,Tract 022606,1575,144,15,24,0,17,16,27,0,17,0,17,0,17,46,44,14,23,43,48,100,81,137,83,174,79,155,89,197,86,204,100,474,134
173,53033022701,Tract 022701,857,104,0,12,18,20,9,13,9,14,11,16,14,17,7,11,9,13,0,12,7,12,14,16,21,23,63,35,101,44,182,60,392,81
174,53033022702,Tract 022702,937,82,0,12,0,12,7,12,0,12,0,12,9,15,0,12,19,20,9,14,30,27,19,20,78,40,68,38,124,66,130,64,444,79
175,53033022703,Tract 022703,646,62,22,21,5,9,0,12,0,12,12,12,0,12,0,12,29,21,3,6,29,19,40,22,58,28,84,35,66,30,95,36,203,43
176,53033022801,Tract 022801,2412,244,66,52,25,23,0,17,39,44,66,84,29,34,30,36,16,27,43,71,15,24,319,184,291,131,363,135,215,106,326,171,569,148
177,53033022802,Tract 022802,1421,106,23,23,29,43,26,31,34,49,35,32,10,14,13,19,8,13,9,14,7,11,63,41,104,51,192,68,186,93,269,84,413,88
178,53033022803,Tract 022803,1681,167,61,54,0,17,34,39,33,38,54,90,0,17,13,25,12,20,16,22,48,55,95,66,104,74,222,98,173,86,310,135,506,147
179,53033022901,Tract 022901,787,68,36,31,0,12,10,15,0,12,20,21,55,34,0,12,9,16,20,23,20,22,21,21,51,37,84,48,49,31,159,67,253,75
180,53033022902,Tract 022902,1900,140,11,19,0,17,0,17,12,19,40,48,0,17,0,17,34,43,10,16,32,48,80,88,181,95,128,89,103,62,501,137,768,149
181,53033023000,Tract 023000,1595,93,10,16,30,38,26,24,0,17,0,17,18,20,52,47,8,12,50,47,62,36,56,36,167,59,142,61,148,72,283,85,543,91
182,53033023100,Tract 023100,1096,81,14,17,16,19,8,12,0,12,8,13,8,13,43,46,14,16,12,13,81,43,69,42,111,66,153,74,111,59,199,69,249,69
183,53033023201,Tract 023201,1501,223,46,42,34,37,32,35,19,32,0,17,46,45,0,17,0,17,11,20,0,17,104,100,308,141,271,114,189,106,132,101,309,135
184,53033023202,Tract 023202,996,108,0,12,43,42,23,25,8,13,19,21,70,47,43,47,87,57,14,20,73,48,199,94,108,47,88,49,68,47,97,57,56,40
185,53033023300,Tract 023300,1710,183,15,25,30,30,55,54,57,67,30,37,24,30,22,26,128,124,22,35,86,77,178,91,118,64,160,87,115,73,213,85,457,171
186,53033023401,Tract 023401,1049,92,27,32,0,12,33,53,34,50,21,23,0,12,8,13,38,47,68,65,57,37,79,38,142,53,112,59,137,58,123,58,170,57
187,53033023403,Tract 023403,1203,93,18,14,22,22,0,12,0,12,7,13,0,12,0,12,31,28,35,42,25,19,59,38,186,58,142,62,130,47,115,51,433,87
188,53033023404,Tract 023404,921,79,7,12,0,12,0,12,0,12,5,8,0,12,0,12,0,12,23,21,21,23,40,30,79,38,83,46,75,39,251,67,337,64
189,53033023500,Tract 023500,1150,92,24,24,30,24,9,14,9,13,15,22,0,12,7,13,24,22,26,24,21,24,57,50,107,50,173,75,140,53,226,82,282,85
190,53033023601,Tract 023601,1044,112,11,18,14,23,13,21,36,34,19,22,15,22,6,10,15,14,0,12,38,28,25,24,88,52,177,82,84,49,245,74,258,91
191,53033023603,Tract 023603,1697,217,103,98,0,17,74,92,0,17,0,17,71,97,17,24,0,17,8,15,63,58,76,58,288,97,247,107,191,131,267,118,292,96
192,53033023604,Tract 023604,1622,201,139,102,14,21,74,73,69,58,65,82,32,35,0,17,85,99,22,30,153,111,139,88,173,91,89,64,107,64,216,88,245,98
193,53033023700,Tract 023700,1145,112,12,19,9,14,9,16,0,12,0,12,31,36,10,17,11,16,48,47,27,24,73,53,61,39,150,68,84,41,208,63,412,82
194,53033023801,Tract 023801,847,126,14,21,7,12,24,25,9,15,9,14,19,21,58,51,40,46,19,22,84,73,33,28,101,47,69,36,77,51,78,49,206,75
195,53033023803,Tract 023803,1278,243,16,23,82,107,17,27,0,17,0,17,0,17,0,17,15,27,0,17,13,22,96,88,31,37,252,119,32,34,209,115,515,188
196,53033023804,Tract 023804,1940,294,29,46,0,17,43,48,19,29,0,17,0,17,38,44,0,17,17,26,48,45,84,54,207,127,290,135,176,122,390,185,599,168
197,53033023900,Tract 023900,2061,182,45,39,66,81,0,17,14,22,89,76,16,21,14,23,1,4,18,27,43,42,61,48,180,111,138,80,89,56,261,90,1026,196
198,53033024000,Tract 024000,1997,170,23,34,18,30,0,17,24,39,39,43,34,38,0,17,5,10,0,17,41,38,59,49,152,81,66,58,300,152,333,107,903,160
199,53033024100,Tract 024100,1458,57,30,20,11,11,13,11,6,8,3,6,10,10,25,20,7,10,19,14,39,17,37,18,107,31,69,25,30,16,164,38,888,65
200,53033024200,Tract 024200,969,42,26,28,0,12,0,12,0,12,0,12,2,5,30,15,15,16,0,12,5,8,46,27,30,20,72,31,47,22,128,44,568,71
201,53033024300,Tract 024300,2326,204,33,41,0,17,21,27,20,31,16,26,51,38,26,31,31,37,35,40,43,40,65,62,199,95,153,99,309,148,287,146,1037,189
202,53033024400,Tract 024400,692,93,0,12,0,12,29,45,16,23,9,13,11,16,10,16,25,40,0,12,14,22,66,42,89,39,77,40,58,35,9,13,279,72
203,53033024500,Tract 024500,1512,88,58,53,0,17,0,17,0,17,9,13,0,17,9,12,0,17,0,17,37,26,40,30,97,45,145,48,116,48,168,70,833,106
204,53033024601,Tract 024601,1437,80,22,23,0,12,20,23,37,29,8,14,8,13,0,12,0,12,0,12,29,26,14,17,81,50,115,53,127,52,205,67,771,100
205,53033024602,Tract 024602,1214,68,44,39,0,12,10,16,0,12,0,12,47,42,0,12,34,31,19,22,16,17,23,23,31,31,105,47,67,35,117,53,701,82
206,53033024701,Tract 024701,1041,119,21,23,13,20,6,12,18,19,12,19,9,14,49,44,58,57,47,61,39,30,18,19,184,79,96,48,151,68,174,64,146,52
207,53033024702,Tract 024702,2264,154,0,17,0,17,0,17,35,36,0,17,11,17,41,62,71,73,31,36,54,46,163,85,296,106,254,101,264,107,341,124,703,153
208,53033024800,Tract 024800,1511,171,34,31,0,17,35,56,53,44,52,48,0,17,84,65,70,84,57,64,0,17,172,110,162,111,164,108,150,91,262,131,216,117
209,53033024901,Tract 024901,1616,74,16,23,0,17,0,17,24,38,36,44,16,17,13,16,13,18,14,16,34,30,90,56,100,48,250,80,173,62,266,88,571,112
210,53033024902,Tract 024902,1105,77,11,18,0,12,9,14,0,12,6,9,10,12,19,19,8,12,0,12,84,61,52,28,61,35,112,40,87,45,223,70,423,93
211,53033024903,Tract 024903,2074,124,43,37,0,17,14,22,13,21,0,17,17,29,0,17,42,39,35,39,23,26,33,36,224,83,82,60,185,87,400,118,963,148
212,53033025001,Tract 025001,1484,92,20,20,0,17,0,17,0,17,51,51,29,26,46,32,29,26,0,17,73,52,56,31,168,66,165,77,158,56,334,93,355,86
213,53033025003,Tract 025003,2059,196,61,53,0,17,0,17,0,17,37,41,0,17,35,53,21,33,80,85,18,29,185,99,92,68,192,102,220,125,290,134,828,183
214,53033025005,Tract 025005,1344,106,37,27,9,14,0,17,8,12,41,40,14,17,0,17,9,15,29,37,52,31,57,37,159,64,104,50,65,40,219,57,541,90
215,53033025006,Tract 025006,1864,186,15,25,0,17,0,17,89,93,0,17,0,17,23,27,0,17,41,40,26,40,107,81,96,61,281,122,97,49,284,106,805,171
216,53033025101,Tract 025101,1638,171,42,45,13,22,0,17,77,83,37,56,12,18,58,74,0,17,12,20,112,76,114,62,286,128,245,120,47,44,240,111,343,106
217,53033025102,Tract 025102,2257,154,0,17,0,17,97,108,90,77,67,60,51,66,49,62,11,19,43,51,162,105,218,131,199,94,222,116,249,85,462,132,337,125
218,53033025200,Tract 025200,2419,171,31,36,10,18,116,103,22,26,19,31,29,27,56,46,31,33,12,18,76,55,323,145,299,137,353,119,331,111,361,115,350,116
219,53033025301,Tract 025301,1271,194,11,17,0,17,40,54,0,17,10,16,34,42,17,22,81,81,0,17,91,70,154,85,272,119,212,110,29,35,127,68,193,93
220,53033025302,Tract 025302,1118,188,14,21,65,68,123,107,48,80,106,97,39,63,54,72,46,37,100,80,78,68,108,99,33,28,175,75,22,32,51,41,56,53
221,53033025400,Tract 025400,1712,204,111,108,67,66,85,93,59,57,63,61,128,93,100,77,70,92,52,48,218,134,165,83,209,118,208,98,55,41,71,54,51,45
222,53033025500,Tract 025500,1123,134,37,31,35,53,18,22,43,33,17,17,18,13,0,12,98,79,5,10,117,61,130,92,168,70,251,89,17,21,120,75,49,34
223,53033025601,Tract 025601,1408,111,8,13,0,17,48,52,55,55,40,40,78,61,41,35,29,24,25,23,120,73,175,81,247,110,131,68,77,47,206,89,128,85
224,53033025602,Tract 025602,1598,126,19,30,21,34,0,17,0,17,27,28,28,32,18,24,0,17,49,48,135,105,151,83,217,100,168,91,130,67,381,124,254,116
225,53033025701,Tract 025701,1431,200,27,31,37,45,77,59,0,17,21,32,27,44,137,108,45,41,87,92,91,73,244,109,224,98,88,59,181,119,62,63,83,53
226,53033025702,Tract 025702,920,82,0,12,10,14,0,12,11,18,9,13,35,43,0,12,0,12,10,18,58,36,42,30,207,65,210,87,112,58,140,66,76,39
227,53033025803,Tract 025803,1039,108,54,31,0,12,0,12,24,21,10,16,39,46,28,29,44,36,88,50,129,90,137,77,193,85,157,64,66,35,45,20,25,23
228,53033025804,Tract 025804,868,101,7,11,0,12,18,20,27,25,17,14,52,45,31,25,44,33,42,34,50,39,123,69,110,55,142,71,71,42,102,47,32,25
229,53033025805,Tract 025805,1244,146,0,17,20,34,33,41,14,22,88,65,43,46,82,99,42,41,46,46,167,94,144,86,200,86,222,127,29,32,66,48,48,44
230,53033025806,Tract 025806,1377,132,66,61,12,20,21,22,29,28,32,25,60,44,51,36,23,24,50,46,94,61,131,70,241,102,121,71,130,63,195,81,121,58
231,53033026001,Tract 026001,1537,150,7,11,21,23,0,17,21,24,18,22,29,31,61,65,21,23,45,35,154,75,230,79,227,89,168,69,142,69,239,118,154,97
232,53033026002,Tract 026002,2038,243,140,118,139,119,92,75,66,73,117,92,13,21,110,91,124,101,11,17,185,109,158,90,214,106,354,144,72,48,171,104,72,47
233,53033026100,Tract 026100,1957,242,75,72,0,17,18,29,73,80,183,157,264,144,43,35,137,92,97,81,188,126,48,39,319,137,112,84,179,114,80,66,141,114
234,53033026200,Tract 026200,1146,204,97,96,9,15,12,20,60,80,21,21,27,31,30,35,108,85,29,47,55,42,154,80,208,127,107,84,43,48,82,77,104,86
235,53033026300,Tract 026300,313,49,0,12,8,10,4,7,0,12,10,12,0,12,10,10,9,15,16,20,29,27,27,26,66,34,44,27,53,28,29,26,8,12
236,53033026400,Tract 026400,1415,171,17,28,15,24,24,42,0,17,148,136,198,133,89,79,153,120,18,29,70,59,152,98,166,102,190,103,103,65,56,47,16,25
237,53033026500,Tract 026500,1047,114,106,82,198,99,24,39,30,36,70,43,97,70,8,15,41,41,69,65,110,72,95,53,43,44,77,52,19,22,19,21,41,36
238,53033026600,Tract 026600,666,64,6,9,16,23,48,46,10,14,43,40,16,14,25,38,43,35,0,12,22,18,56,36,55,32,109,50,90,45,94,43,33,26
239,53033026700,Tract 026700,1373,158,16,24,70,78,41,48,68,83,71,69,11,19,116,102,0,17,12,19,93,75,145,82,78,40,160,92,86,58,195,92,211,92
240,53033026801,Tract 026801,1252,244,60,72,79,100,40,48,79,80,55,71,76,73,0,17,78,62,129,95,187,134,176,129,71,50,59,52,34,36,81,67,48,37
241,53033026802,Tract 026802,1287,125,30,27,64,53,66,75,8,13,105,75,104,73,79,71,49,31,38,36,94,43,83,42,182,82,181,90,105,55,40,32,59,53
242,53033027000,Tract 027000,749,84,6,10,62,52,0,12,26,30,26,36,41,42,55,49,53,51,39,40,62,38,27,29,97,56,138,70,44,29,49,29,24,28
243,53033027100,Tract 027100,730,102,0,12,45,45,60,67,11,18,80,95,18,29,66,59,44,45,72,56,37,33,132,81,33,27,16,24,57,56,25,25,34,28
244,53033027200,Tract 027200,595,74,40,30,15,23,11,17,24,34,36,33,18,22,16,17,42,33,5,7,27,26,11,10,125,47,96,45,79,39,36,30,14,14
245,53033027300,Tract 027300,1404,116,68,60,10,11,60,56,21,26,155,92,13,18,37,36,91,51,97,57,153,78,111,52,356,97,159,70,23,23,43,30,7,11
246,53033027400,Tract 027400,1298,113,0,17,10,15,0,17,0,17,15,18,51,37,56,38,88,54,129,79,46,37,167,72,209,65,177,77,149,75,147,63,54,48
247,53033027500,Tract 027500,1080,109,6,10,31,37,36,38,0,12,26,26,82,76,67,49,64,39,44,43,64,37,247,68,153,77,146,61,73,47,15,16,26,21
248,53033027600,Tract 027600,1238,106,15,20,35,49,28,45,27,30,57,51,52,53,9,16,58,70,140,108,36,28,43,30,168,75,81,44,239,103,94,49,156,52
249,53033027701,Tract 027701,1289,160,0,17,15,23,12,19,0,17,35,53,55,49,52,46,36,43,40,53,69,52,108,71,165,66,78,60,158,87,275,83,191,87
250,53033027702,Tract 027702,1330,186,18,28,0,17,0,17,0,17,63,46,0,17,0,17,59,65,49,45,111,84,82,56,186,80,245,139,131,71,141,72,245,101
251,53033027800,Tract 027800,1083,83,17,20,0,12,0,12,0,12,9,15,24,22,8,12,26,25,0,12,104,59,86,48,196,72,118,58,154,67,123,54,218,74
252,53033027900,Tract 027900,1603,201,47,50,56,75,71,89,74,77,37,36,56,54,0,17,37,32,0,17,145,91,223,112,184,93,95,81,238,120,177,104,163,93
253,53033028000,Tract 028000,1001,129,36,32,58,46,0,12,56,49,66,50,0,12,32,36,35,44,130,68,121,69,99,67,100,56,99,50,108,72,36,28,25,23
254,53033028100,Tract 028100,594,62,8,9,7,10,18,21,18,29,50,31,24,28,29,34,5,8,34,31,17,22,117,52,134,48,81,49,40,20,5,8,7,11
255,53033028200,Tract 028200,980,140,46,49,71,65,9,15,11,17,107,75,67,60,30,36,38,36,28,25,26,24,122,88,97,57,128,63,37,31,120,87,43,28
256,53033028300,Tract 028300,1155,118,8,13,0,17,5,10,11,22,17,23,5,9,10,16,76,66,28,25,71,45,89,51,252,102,204,61,181,83,128,61,70,37
257,53033028402,Tract 028402,1170,143,24,39,9,13,116,69,85,62,144,95,15,17,42,47,125,87,39,36,84,60,87,58,147,76,115,56,68,41,26,20,44,31
258,53033028403,Tract 028403,1233,160,52,63,0,17,8,14,14,23,0,17,73,89,134,97,76,60,51,41,177,120,88,72,172,97,249,128,45,47,64,43,30,34
259,53033028500,Tract 028500,1096,148,38,38,7,10,64,53,12,19,36,47,12,20,53,51,37,32,0,12,95,64,225,120,151,55,104,54,144,89,49,39,69,44
260,53033028600,Tract 028600,1740,166,0,17,0,17,0,17,16,24,0,17,14,22,40,60,29,34,42,39,182,98,71,55,277,98,197,103,139,74,340,109,393,122
261,53033028700,Tract 028700,1338,115,64,59,13,21,0,17,8,13,61,50,32,27,34,26,75,58,87,50,67,44,101,51,220,73,158,64,163,59,142,74,113,50
262,53033028801,Tract 028801,460,47,0,12,20,24,0,12,0,12,11,12,12,16,27,29,5,12,7,17,25,23,108,50,80,32,79,40,15,23,26,25,45,26
263,53033028802,Tract 028802,1402,195,24,39,81,90,82,67,94,86,95,104,62,62,41,37,60,56,34,56,49,55,246,130,207,127,167,81,39,32,54,48,67,50
264,53033028901,Tract 028901,802,115,11,16,32,50,12,19,0,12,10,16,35,41,11,16,11,19,0,12,52,35,120,75,121,56,62,47,89,46,152,58,84,50
265,53033028902,Tract 028902,1587,176,125,99,15,25,34,41,117,106,95,95,223,147,45,70,113,99,145,99,83,76,154,113,68,55,179,115,56,45,104,82,31,25
266,53033029001,Tract 029001,1159,127,23,25,25,34,0,12,10,16,55,50,11,19,54,55,14,21,31,23,104,63,100,59,182,56,197,72,134,60,111,58,108,41
267,53033029003,Tract 029003,1462,186,132,101,0,17,22,36,75,52,138,106,64,67,69,61,0,17,78,57,157,115,194,107,76,47,172,100,176,94,66,63,43,38
268,53033029004,Tract 029004,858,92,131,55,54,40,57,48,76,52,13,18,86,49,44,32,32,29,28,37,35,33,130,63,74,53,37,30,14,15,36,46,11,17
269,53033029101,Tract 029101,696,76,0,12,20,29,15,22,31,30,3,15,36,39,0,12,35,30,23,26,58,51,30,28,99,54,121,51,71,34,92,51,62,36
270,53033029102,Tract 029102,950,125,0,12,8,12,0,12,0,12,10,22,19,29,0,12,16,17,36,36,67,46,110,60,215,87,138,77,85,49,178,93,68,57
271,53033029203,Tract 029203,655,117,55,53,49,44,16,26,53,44,33,54,10,15,68,70,30,26,0,12,98,49,81,64,66,45,35,28,37,31,12,18,12,18
272,53033029204,Tract 029204,1762,173,78,78,17,29,99,88,21,32,94,63,34,39,48,38,62,63,66,72,73,67,365,157,191,91,140,83,141,101,214,114,119,81
273,53033029205,Tract 029205,1110,122,31,50,9,22,0,12,28,32,60,72,14,33,56,47,72,78,13,20,89,67,149,81,224,88,196,96,93,76,55,47,21,24
274,53033029206,Tract 029206,965,115,114,71,34,33,8,13,88,73,73,57,116,79,74,53,19,29,22,35,143,70,91,57,85,44,69,56,10,14,19,31,0,12
275,53033029303,Tract 029303,1909,219,81,66,95,107,10,15,42,43,40,50,61,60,9,21,44,50,95,67,173,142,266,115,361,125,239,114,92,71,133,73,168,98
276,53033029304,Tract 029304,1388,104,8,14,14,16,0,17,10,15,24,39,56,38,8,13,47,51,77,61,39,36,176,51,273,85,168,65,199,74,161,68,128,63
277,53033029305,Tract 029305,1076,103,0,12,18,31,25,29,0,12,0,12,34,39,22,26,36,29,7,11,70,67,99,66,143,62,164,75,145,78,205,72,108,60
278,53033029306,Tract 029306,880,82,5,9,7,11,7,13,8,13,0,12,14,16,0,12,0,12,7,12,90,51,99,52,143,61,114,59,90,60,239,78,57,36
279,53033029307,Tract 029307,1101,89,18,22,7,12,0,12,6,10,0,12,13,15,81,52,33,37,16,20,62,38,125,58,151,70,130,48,154,62,162,71,143,57
280,53033029403,Tract 029403,1493,92,68,51,43,54,40,39,3,8,5,9,64,54,29,44,99,68,14,16,84,47,122,81,326,95,155,84,137,59,206,97,98,57
281,53033029405,Tract 029405,1603,78,44,37,0,17,8,12,34,32,100,71,9,15,53,44,29,38,15,16,82,40,280,94,264,108,153,55,247,82,188,74,97,49
282,53033029406,Tract 029406,1393,76,0,17,23,21,14,23,94,80,32,29,18,21,21,25,44,56,18,18,87,47,122,78,198,74,201,56,140,51,246,83,135,44
283,53033029407,Tract 029407,1164,106,80,53,109,63,63,43,31,35,26,32,23,21,95,75,27,28,13,15,157,95,81,42,168,66,138,55,63,49,72,53,18,20
284,53033029408,Tract 029408,975,123,93,59,0,12,33,35,53,56,11,17,93,70,10,15,78,57,52,49,32,29,126,71,151,71,135,62,35,24,49,34,24,23
285,53033029502,Tract 029502,1810,146,82,83,0,17,20,32,0,17,44,31,0,17,43,41,55,58,31,31,278,128,174,120,208,110,377,134,190,106,106,72,202,97
286,53033029503,Tract 029503,1924,207,129,99,187,126,112,114,53,54,203,104,72,55,106,88,120,128,29,34,88,52,204,109,267,132,148,89,82,79,110,83,14,23
287,53033029504,Tract 029504,1600,189,139,136,22,36,126,119,203,161,11,21,126,101,67,61,105,99,120,79,124,98,149,97,138,108,121,91,67,58,12,21,70,54
288,53033029601,Tract 029601,1758,122,87,71,49,59,55,54,120,102,74,67,41,40,43,65,72,61,95,90,66,49,238,127,248,108,157,74,228,106,116,63,69,48
289,53033029602,Tract 029602,1696,108,8,13,0,17,22,35,44,42,14,17,6,9,38,42,12,13,48,43,39,32,158,80,176,59,313,97,222,88,345,86,251,88
290,53033029700,Tract 029700,1641,201,30,33,101,100,92,77,63,82,27,30,74,69,55,44,113,100,28,31,215,143,265,138,196,88,110,86,121,68,39,37,112,64
291,53033029801,Tract 029801,2051,200,29,33,18,29,17,26,125,101,107,92,93,64,20,31,104,106,94,88,160,113,281,152,232,135,167,91,151,92,197,118,256,124
292,53033029802,Tract 029802,2140,210,45,46,19,30,28,32,19,33,34,36,39,61,16,27,37,42,56,71,188,124,317,119,455,157,315,123,171,84,213,103,188,89
293,53033029901,Tract 029901,1204,111,47,42,0,12,10,16,10,17,32,30,17,25,14,18,18,19,77,50,52,51,213,74,180,79,229,82,160,56,111,53,34,25
294,53033029902,Tract 029902,1141,97,32,30,27,30,20,21,0,12,8,14,9,14,24,26,14,17,25,23,56,36,125,64,273,83,110,42,127,59,105,43,186,81
295,53033030003,Tract 030003,1477,199,39,75,0,17,16,25,0,17,117,99,31,26,62,102,36,39,29,38,190,87,266,100,244,170,183,85,148,97,62,48,54,45
296,53033030004,Tract 030004,1940,272,190,155,85,102,141,130,82,99,51,58,35,45,131,108,44,46,150,115,239,166,157,117,195,135,80,71,117,86,177,126,66,61
297,53033030005,Tract 030005,1446,111,67,50,59,55,0,17,80,60,128,83,59,40,127,78,16,22,78,59,89,47,152,72,201,71,218,79,96,52,76,64,0,17
298,53033030006,Tract 030006,769,104,58,53,52,56,45,43,16,18,8,12,56,52,38,31,12,14,90,63,12,14,88,46,66,52,91,58,38,29,57,48,42,32
299,53033030100,Tract 030100,2288,167,16,25,42,67,17,30,56,68,27,31,142,110,19,37,166,107,54,57,156,88,110,58,242,109,288,119,377,138,185,94,391,121
300,53033030201,Tract 030201,1279,172,20,33,60,54,23,26,43,56,78,64,100,72,24,24,0,17,50,46,51,40,141,68,290,107,193,89,71,48,34,32,101,86
301,53033030202,Tract 030202,1707,148,81,62,0,17,195,111,0,17,50,61,50,46,38,36,91,67,24,39,276,129,172,102,212,128,82,65,206,107,184,105,46,55
302,53033030304,Tract 030304,1059,106,15,18,8,14,4,11,48,52,108,79,61,54,23,26,19,20,23,25,26,29,144,86,148,75,105,51,138,80,75,53,114,63
303,53033030305,Tract 030305,1356,135,44,50,52,53,9,15,22,33,9,14,101,64,21,34,53,47,54,40,44,43,146,119,196,96,202,103,118,76,171,95,114,78
304,53033030306,Tract 030306,1441,134,21,23,9,13,50,35,22,37,84,61,18,21,25,23,8,13,44,44,77,52,80,41,376,99,168,59,210,98,168,60,81,63
305,53033030308,Tract 030308,1908,172,34,41,44,41,40,65,59,89,100,87,11,19,56,62,136,110,89,65,158,81,299,130,207,92,331,149,181,91,81,70,82,58
306,53033030309,Tract 030309,1324,196,80,72,0,17,31,50,36,41,27,33,68,80,32,38,13,23,62,77,139,111,207,121,82,65,79,63,145,103,196,87,127,82
307,53033030310,Tract 030310,1553,133,18,29,0,17,16,18,8,12,0,17,51,53,12,19,51,29,45,42,154,94,226,109,210,94,246,102,116,53,274,96,126,57
308,53033030311,Tract 030311,1364,113,24,26,38,45,19,21,47,55,90,75,15,17,89,56,33,39,90,73,73,43,142,80,171,82,279,74,65,40,123,60,66,39
309,53033030312,Tract 030312,1130,124,21,23,77,63,10,16,18,20,61,59,42,33,0,12,50,43,65,44,110,64,142,80,171,107,211,90,69,40,65,46,18,18
310,53033030313,Tract 030313,979,148,117,66,52,56,23,24,24,29,28,47,31,26,56,50,69,66,48,37,223,93,118,57,130,106,41,43,9,16,0,12,10,15
311,53033030314,Tract 030314,1017,102,110,92,28,32,26,33,0,12,12,22,28,35,143,87,117,93,14,19,50,41,106,70,178,83,99,72,41,37,25,40,40,37
312,53033030401,Tract 030401,2629,215,23,25,60,92,48,65,89,90,29,33,83,83,59,91,11,19,181,161,145,102,360,172,593,256,244,113,352,165,216,114,136,80
313,53033030403,Tract 030403,1274,110,35,33,48,68,22,29,14,22,62,47,43,43,55,42,47,43,32,31,72,37,61,42,230,99,159,72,104,47,110,53,180,85
314,53033030404,Tract 030404,1238,91,9,14,0,12,0,12,26,26,10,16,0,12,51,45,68,50,67,42,127,57,103,50,83,51,170,73,114,51,324,101,86,61
315,53033030501,Tract 030501,344,63,47,40,7,9,16,24,0,12,32,34,34,29,9,10,46,34,4,7,18,14,48,28,52,28,8,9,0,12,11,13,12,14
316,53033030503,Tract 030503,1293,162,38,42,0,17,9,14,59,52,60,64,57,51,155,101,38,40,96,74,112,89,143,86,334,140,104,71,35,33,28,34,25,32
317,53033030504,Tract 030504,1084,143,91,70,40,48,45,45,34,56,40,46,44,42,48,54,46,48,28,36,74,46,195,80,201,80,64,36,75,50,37,21,22,21
318,53033030600,Tract 030600,1233,173,34,54,9,13,0,17,0,17,53,61,43,47,111,103,47,35,17,28,246,156,52,41,205,95,166,91,126,87,49,37,75,61
319,53033030700,Tract 030700,967,122,64,52,44,38,37,45,10,17,49,42,13,20,47,47,30,35,57,45,117,70,132,73,235,86,66,56,17,19,16,19,33,29
320,53033030801,Tract 030801,1637,157,77,68,35,52,73,61,59,53,219,116,123,91,125,87,124,86,82,68,220,120,203,105,129,79,38,60,99,96,0,17,31,34
321,53033030802,Tract 030802,875,112,113,65,0,12,15,18,60,45,26,24,9,15,51,53,22,26,16,19,107,53,62,33,125,56,108,57,60,43,91,65,10,18
322,53033030901,Tract 030901,866,82,0,12,5,8,0,12,61,54,9,14,72,47,34,26,70,41,21,15,68,44,113,47,97,42,198,77,55,26,41,26,22,33
323,53033030902,Tract 030902,1515,142,30,36,0,17,5,8,0,17,94,92,80,76,140,87,201,127,77,79,171,103,225,126,124,81,180,86,125,104,13,16,50,53
324,53033031000,Tract 031000,1263,99,9,14,6,11,0,12,23,29,13,21,10,15,2,3,0,12,8,14,49,61,109,48,252,100,85,44,184,60,256,72,257,74
325,53033031100,Tract 031100,1944,152,49,19,65,43,19,12,60,37,43,18,62,36,85,37,40,26,74,70,134,86,381,149,282,131,219,100,203,119,190,110,38,32
326,53033031202,Tract 031202,1637,176,21,22,9,8,11,12,12,9,8,9,41,37,20,23,8,8,8,8,277,121,66,45,322,128,165,79,199,107,199,113,271,121
327,53033031204,Tract 031204,1806,161,0,17,13,22,0,17,0,17,65,63,0,17,61,74,93,74,105,62,86,61,129,101,236,103,191,84,276,98,256,125,295,115
328,53033031205,Tract 031205,1768,176,67,56,23,37,89,76,84,99,0,17,58,46,18,28,46,42,0,17,227,140,149,96,202,121,152,70,321,138,289,125,43,42
329,53033031206,Tract 031206,1148,105,9,14,0,17,0,17,43,56,81,62,9,13,64,48,121,75,53,52,71,52,105,56,224,81,217,89,75,44,59,39,17,20
330,53033031301,Tract 031301,716,76,28,32,0,12,14,11,61,39,6,9,21,27,54,45,13,14,32,21,37,24,52,39,74,31,114,41,77,39,81,43,52,26
331,53033031302,Tract 031302,1177,89,59,48,11,16,89,59,18,21,103,63,83,60,21,22,28,26,16,19,181,78,69,51,124,42,130,67,48,37,105,50,92,41
332,53033031400,Tract 031400,1453,161,0,17,0,17,0,17,153,125,0,17,0,17,48,42,66,47,21,33,322,156,88,67,238,130,148,86,130,78,147,101,92,78
333,53033031501,Tract 031501,1077,127,18,27,0,12,0,12,24,26,7,13,20,22,13,19,45,36,32,33,21,23,139,85,207,97,194,94,75,39,125,55,157,55
334,53033031502,Tract 031502,1183,102,32,29,12,20,28,24,11,17,0,12,0,12,67,54,38,30,23,23,88,61,100,47,211,72,152,57,94,42,176,76,151,66
335,53033031601,Tract 031601,1629,96,49,48,18,20,8,13,0,17,9,16,56,41,11,16,19,26,68,52,57,41,91,44,205,79,301,96,165,62,268,80,304,81
336,53033031603,Tract 031603,1693,117,7,12,0,17,36,33,17,19,0,17,0,17,31,42,47,42,72,72,96,90,129,72,201,102,206,66,283,98,289,101,279,95
337,53033031604,Tract 031604,1474,111,0,17,46,55,0,17,20,21,7,11,15,22,25,26,33,43,40,35,71,41,183,75,361,118,223,82,139,55,173,71,138,61
338,53033031605,Tract 031605,1188,116,0,12,0,12,20,25,10,17,8,14,0,12,0,12,25,28,12,18,66,43,128,56,128,66,220,79,126,63,159,77,286,81
339,53033031703,Tract 031703,1799,156,0,17,19,23,16,25,0,17,7,14,48,63,30,36,11,19,87,61,218,115,135,54,279,90,214,91,196,109,140,78,399,121
340,53033031704,Tract 031704,1402,99,11,17,15,15,0,17,15,16,44,40,45,43,59,45,46,31,70,52,11,15,156,57,231,81,173,67,170,67,214,62,142,50
341,53033031705,Tract 031705,1160,100,33,24,0,12,0,12,18,20,0,12,26,38,28,25,18,22,10,17,43,39,74,67,207,91,158,64,180,69,217,76,148,70
342,53033031706,Tract 031706,1910,179,122,123,0,17,18,29,19,29,0,17,53,73,33,35,0,17,11,19,87,64,258,140,306,115,368,173,280,118,192,84,163,88
343,53033031800,Tract 031800,1361,106,8,13,6,9,7,10,23,26,21,33,28,27,15,18,58,45,18,16,105,75,37,29,221,82,191,77,179,77,181,70,263,85
344,53033031903,Tract 031903,1969,138,0,17,0,17,46,65,27,32,26,30,35,52,63,48,40,44,33,34,47,45,191,78,187,81,262,110,267,115,227,118,518,120
345,53033031904,Tract 031904,980,104,40,43,0,12,20,22,31,30,9,14,18,18,33,31,34,48,32,35,80,49,83,72,100,61,80,41,122,67,173,70,125,69
346,53033031906,Tract 031906,1180,93,51,33,10,17,12,19,11,17,0,12,0,12,13,20,15,23,0,12,47,32,152,71,126,56,214,65,92,48,169,79,268,72
347,53033031907,Tract 031907,2192,181,40,46,75,72,26,32,96,91,39,48,9,15,61,71,79,66,0,17,140,108,131,76,298,116,376,149,205,97,388,138,229,109
348,53033031908,Tract 031908,1099,157,14,22,61,67,0,12,28,29,5,9,24,26,25,30,44,28,66,62,109,64,47,34,191,85,147,71,148,88,115,56,75,48
349,53033031909,Tract 031909,907,58,13,17,0,12,8,12,24,29,0,12,6,10,16,25,71,51,12,16,39,27,87,44,102,64,147,68,110,49,144,61,128,51
350,53033032002,Tract 032002,900,101,28,26,10,15,0,12,0,12,12,18,12,18,0,12,0,12,0,12,57,36,111,74,168,82,183,77,138,53,89,56,92,48
351,53033032003,Tract 032003,1516,127,9,14,25,19,20,22,0,17,0,17,13,16,47,42,17,19,59,45,50,37,143,63,199,74,237,103,167,60,200,88,330,95
352,53033032005,Tract 032005,1689,193,0,17,0,17,0,17,16,26,0,17,59,86,17,26,58,53,43,48,109,71,151,77,432,132,296,130,164,84,239,136,105,70
353,53033032006,Tract 032006,1571,106,76,68,9,14,0,17,21,24,33,30,24,24,27,25,36,44,45,36,116,61,85,44,209,54,237,87,162,67,247,92,244,79
354,53033032007,Tract 032007,978,105,9,15,0,12,0,12,11,18,11,18,10,15,9,14,26,31,22,24,75,41,75,40,156,73,100,50,175,66,105,52,194,74
355,53033032008,Tract 032008,1382,82,0,12,8,14,45,56,0,12,13,20,8,12,34,35,36,54,36,49,58,33,125,63,350,93,186,67,130,62,237,69,116,51
356,53033032010,Tract 032010,1639,127,82,90,41,39,0,17,0,17,16,24,0,17,0,17,0,17,14,23,15,25,77,47,252,119,241,123,240,105,477,146,184,109
357,53033032011,Tract 032011,1183,87,0,12,11,18,0,12,0,12,0,12,0,12,30,26,0,12,7,11,45,43,101,60,191,84,175,78,230,79,228,60,165,74
358,53033032102,Tract 032102,1377,131,28,25,11,17,17,20,10,14,11,16,21,23,5,10,21,20,17,19,48,31,90,67,222,75,153,55,216,76,195,66,312,73
359,53033032103,Tract 032103,1198,177,31,39,64,96,39,59,0,17,54,68,39,36,17,27,0,17,31,36,174,108,115,65,273,116,102,66,57,42,68,48,134,70
360,53033032104,Tract 032104,1567,143,19,31,0,17,75,85,35,42,61,74,0,17,12,19,35,40,12,19,39,41,150,68,83,58,124,63,190,96,423,102,309,91
361,53033032203,Tract 032203,2492,174,25,29,15,24,0,17,18,29,0,17,19,30,4,12,33,37,0,17,0,17,104,66,151,94,445,156,319,156,356,102,1003,159
362,53033032207,Tract 032207,1136,81,0,12,0,12,22,24,0,12,0,12,29,26,38,46,7,11,14,16,29,27,63,37,127,53,80,52,70,44,125,65,532,102
363,53033032208,Tract 032208,2554,218,36,38,47,41,11,17,16,26,52,46,13,20,31,36,66,82,79,48,118,84,80,64,309,142,209,96,278,140,434,153,775,169
364,53033032210,Tract 032210,4188,322,147,113,40,62,24,40,39,63,81,128,51,58,52,57,0,19,93,122,286,186,42,44,603,257,383,174,545,204,574,199,1228,263
365,53033032211,Tract 032211,1459,81,11,15,0,17,0,17,7,12,0,17,0,17,0,17,11,17,25,23,9,13,90,37,197,73,145,55,125,43,365,94,474,85
366,53033032212,Tract 032212,2375,155,41,49,0,17,17,26,0,17,0,17,10,17,42,65,15,25,27,45,49,51,155,85,145,79,204,117,349,136,356,140,965,172
367,53033032213,Tract 032213,1363,81,0,12,0,12,17,25,0,12,0,12,58,39,7,11,0,12,9,14,27,24,32,26,45,28,163,63,208,70,222,91,575,95
368,53033032214,Tract 032214,1833,102,0,17,0,17,10,16,11,17,9,15,0,17,0,17,0,17,10,15,53,37,26,23,98,61,121,52,276,82,459,93,760,119
369,53033032215,Tract 032215,1515,75,43,34,0,17,10,17,11,17,45,35,0,17,0,17,0,17,0,17,11,18,21,23,101,50,72,43,99,49,226,64,876,113
370,53033032307,Tract 032307,1623,138,0,17,16,26,0,17,0,17,0,17,13,21,26,29,51,43,0,17,34,38,49,46,178,77,216,91,148,77,341,102,551,128
371,53033032309,Tract 032309,1985,230,19,30,28,31,24,28,0,17,28,36,21,35,0,17,20,33,26,32,33,36,97,70,268,121,347,111,218,105,439,134,417,131
372,53033032311,Tract 032311,2014,100,0,17,17,26,0,17,0,17,17,27,18,28,34,38,88,94,0,17,70,49,87,60,258,93,350,115,85,60,283,100,707,162
373,53033032313,Tract 032313,1775,178,0,17,47,43,17,27,15,22,17,26,0,17,129,60,32,36,0,17,0,17,117,81,258,109,241,106,178,71,318,145,406,101
374,53033032315,Tract 032315,1627,120,42,53,0,17,0,17,20,22,5,10,0,17,10,15,28,25,21,24,64,41,34,29,158,52,151,64,144,59,297,89,653,113
375,53033032316,Tract 032316,1520,86,34,26,0,17,6,10,6,11,22,21,8,14,0,17,5,9,0,17,77,59,64,35,64,39,118,59,200,75,223,75,693,116
376,53033032317,Tract 032317,1935,107,62,53,0,17,13,20,0,17,0,17,12,19,23,35,11,19,20,32,31,31,80,52,91,61,150,72,236,125,346,117,860,135
377,53033032318,Tract 032318,1861,97,0,17,0,17,19,31,10,16,22,24,0,17,0,17,16,18,0,17,28,30,64,35,82,49,150,68,228,102,402,96,840,110
378,53033032319,Tract 032319,1257,187,12,19,13,21,0,17,0,17,9,16,33,37,0,17,16,25,43,41,71,54,202,118,168,104,211,116,104,67,250,134,125,64
379,53033032320,Tract 032320,1310,88,9,14,7,11,8,13,0,12,0,12,0,12,8,12,19,20,27,25,0,12,27,25,224,84,170,68,93,45,155,48,563,91
380,53033032321,Tract 032321,1869,75,32,28,11,16,0,17,0,17,0,17,11,16,13,19,23,25,13,19,55,38,42,31,59,41,153,58,111,55,306,77,1040,120
381,53033032322,Tract 032322,1105,58,0,12,0,12,0,12,0,12,31,25,0,12,6,12,0,12,20,22,0,12,22,19,116,57,162,57,97,45,184,52,467,97
382,53033032323,Tract 032323,1669,141,37,40,0,17,0,17,13,20,0,17,0,17,0,17,15,25,0,17,56,46,94,58,144,68,195,81,215,119,323,109,577,154
383,53033032324,Tract 032324,1353,157,40,50,15,25,0,17,0,17,56,89,15,24,73,58,15,23,74,76,52,43,62,55,146,76,124,69,163,70,220,92,298,85
384,53033032325,Tract 032325,1625,175,56,46,18,31,64,102,18,30,0,17,29,35,18,27,76,92,9,20,170,112,58,52,197,102,200,76,163,87,178,91,371,95
385,53033032326,Tract 032326,1121,68,22,24,8,13,0,12,24,37,0,12,13,20,9,13,10,15,35,32,45,44,44,34,27,24,73,38,91,49,100,46,620,89
386,53033032327,Tract 032327,1498,97,16,16,0,12,0,12,0,12,39,30,47,32,25,22,33,25,8,12,101,37,141,57,131,47,286,91,88,47,202,69,381,79
387,53033032328,Tract 032328,1004,72,0,12,0,12,18,27,0,12,14,21,16,20,0,12,36,41,28,26,28,29,30,25,91,52,78,41,84,45,144,67,437,85
388,53033032329,Tract 032329,2415,150,0,17,0,17,23,35,0,17,18,30,0,17,0,17,0,17,29,33,0,17,130,74,160,89,195,95,402,135,359,114,1099,162
389,53033032401,Tract 032401,1627,191,0,17,19,32,0,17,0,17,0,17,0,17,16,24,54,48,0,17,110,78,18,31,215,125,272,118,122,84,370,139,431,163
390,53033032402,Tract 032402,1920,162,0,17,13,20,0,17,0,17,16,25,16,25,0,17,0,17,33,35,29,33,94,82,219,103,280,116,157,98,563,149,500,130
391,53033032500,Tract 032500,1510,114,18,18,0,17,10,17,17,19,36,23,0,17,31,28,72,62,44,29,42,32,110,61,153,49,200,81,160,60,216,67,401,84
392,53033032601,Tract 032601,968,106,0,12,0,12,0,12,0,12,6,9,62,58,27,28,46,47,0,12,48,48,38,45,154,94,153,66,144,65,120,67,170,79
393,53033032602,Tract 032602,4092,203,48,43,0,19,0,19,17,26,0,19,19,29,34,39,19,30,51,42,91,58,173,109,505,151,372,128,588,205,1074,222,1101,178
394,53033032702,Tract 032702,1906,153,14,21,38,62,0,17,14,25,24,28,0,17,37,36,56,61,0,17,9,17,196,115,317,130,322,118,206,101,316,138,357,121
395,53033032703,Tract 032703,611,63,0,12,0,12,0,12,0,12,6,10,20,26,14,23,24,25,31,27,37,29,53,31,85,35,87,43,58,30,99,46,97,37
396,53033032704,Tract 032704,1889,179,58,66,0,17,60,77,15,23,62,77,60,53,44,67,0,17,86,79,74,84,86,56,147,98,311,138,200,84,374,120,312,97
397,53033032800,Tract 032800,672,68,3,5,0,12,8,13,5,9,3,5,15,17,41,31,25,22,7,7,32,23,48,36,117,58,71,37,56,28,106,45,135,51
398,53033990100,Tract 990100,0,12,0,12,0,12,0,12,0,12,0,12,0,12,0,12,0,12,0,12,0,12,0,12,0,12,0,12,0,12,0,12,0,12
